emp_id,name,age,department,salary,join_date,city,performance_score,tenure_years
101,Aarav Sharma,29,Engineering,65000.0,2021-03-15,Pune,4.2,5.6
102,Priya Patel,34,Marketing,58000.0,2019-07-01,Mumbai,3.8,7.3
103,Rohan Mehta,33,Engineering,72000.0,2020-11-20,Pune,4.5,5.9
104,Sneha Iyer,27,HR,45000.0,2022-01-10,Bengaluru,3.9,4.7
105,Vikram Singh,41,Finance,88000.0,2015-05-25,Delhi,4.0,11.4
106,Ananya Rao,31,Marketing,61000.0,2018-09-12,Mumbai,3.5,8.1
107,Karan Joshi,33,Engineering,70000.0,2021-06-30,Pune,4.1,5.3
108,Meera Nair,36,Finance,91000.0,2017-02-14,Chennai,3.9,9.6
109,Arjun Verma,45,HR,52000.0,2014-08-08,Delhi,3.2,12.2
110,Divya Kulkarni,26,Engineering,63000.0,2023-04-03,Pune,4.4,3.5
111,Rahul Desai,38,Finance,91000.0,2016-10-19,Mumbai,3.9,10.0
112,Neha Kapoor,30,Marketing,59000.0,2020-05-18,Bengaluru,3.7,6.4
113,Siddharth Bose,52,Finance,105000.0,2012-12-01,Kolkata,4.6,13.9
114,Ishita Gupta,33,HR,47000.0,2022-09-09,Delhi,3.4,4.1
115,Manish Yadav,33,Engineering,68000.0,2019-03-23,Pune,3.6,7.5
116,Pooja Reddy,33,Marketing,59000.0,2020-05-18,Hyderabad,3.9,6.4
117,Aditya Chavan,29,Engineering,71000.0,2021-08-27,Pune,4.3,5.1
